time,H0
0.0637054520702294,1.0529269783753434e-05
0.0821935926592881,2.105863152308672e-05
0.0859304588373351,3.1588239739284404e-05
0.0874050019781784,4.211840450416884e-05
0.0971037302733138,5.264869763036768e-05
0.1090551580663103,6.317915046655141e-05
0.1299183960544032,7.370982458430356e-05
0.1577284816309191,8.424066589772003e-05
0.2029648317299821,9.477158627171689e-05
0.2381858977083987,0.00010530269214028117
0.246340863074413,0.00011583393539373738
0.2698843652741226,0.00012636521553296444
0.2967124153979235,0.0001368970113387392
0.323072471588094,0.00014742898209881776
0.3355307523410679,0.000157961697562476
0.3450894421456597,0.00016849486909325615
0.3507340639053428,0.00017902826606011762
0.4212093123671512,0.0001895623113198127
0.43227126936952,0.00020009647010802654
0.4426594986381379,0.00021063096100776418
0.4545678096108457,0.0002211656562586609
0.4570228194485024,0.00023170040235751994
0.4601202358138996,0.00024223537582120048
0.4643022038662954,0.0002527705106815635
0.4657075325569295,0.0002633060735948284
0.5022897376244853,0.00027384189934465483
0.507300749225536,0.0002843778122337989
0.5192323482478568,0.0002949139347631
0.5531370752489271,0.00030545024720755794
0.573953537822779,0.00031598673041217555
0.5815326014827352,0.0003265238149044036
0.5926528281144606,0.0003370610069379614
0.6077976952673748,0.000347598242759981
0.6557611426057826,0.00035813559210991344
0.700362946167394,0.00036867306795762247
0.7169135197944594,0.0003792107538765932
0.8431337020165163,0.00038974874420938415
0.911753772820434,0.00040028689205189597
0.9284397964462154,0.00041082544822790756
0.9846209225469088,0.00042136413590589345
0.9951498426213662,0.00043190326986629714
1.006703879288965,0.0004424425642377783
1.0777522377855036,0.0004529820202327523
1.0927655149544715,0.0004635217214205834
1.1023986423031915,0.00047406162085071184
1.1028117837675646,0.0004846018634173809
1.1130431348038528,0.0004951423080909956
1.1871829557360578,0.0005056828258889719
1.2399429710743162,0.0005162236799564185
1.242955104454524,0.0005267647680254232
1.2473252251866995,0.000537306427050664
1.248195012887902,0.0005478482090706692
1.2722076405702143,0.0005583901541437821
1.3331612438962768,0.0005689323074438374
1.3423780268153127,0.0005794748998053387
1.3447450418665403,0.0005900180563196184
1.350216914499651,0.0006005613120641674
1.400951977865238,0.000611104654212301
1.4332273403119915,0.0006216481455088944
1.4643425886625965,0.0006321917651650036
1.4769846432173088,0.0006427361757099583
1.4788436586446017,0.0006532807590210899
1.4862936195611882,0.000663825866063123
1.5336448608127562,0.0006743731354544857
1.5337129933217946,0.0006849204954401003
1.5480643792557558,0.0006954679801009111
1.5512551541250443,0.0007060155407271238
1.5663409561732649,0.0007165637234116827
1.5932802011009526,0.0007271120329527638
1.620923524208732,0.0007376605759208794
1.7055956734072997,0.0007482093770685923
1.7748177414280004,0.000758758320219379
1.7751192964720008,0.0007693072906873662
1.8059405985878192,0.0007798565764132873
1.831215586132176,0.0007904060997059755
1.83423773129598,0.0008009557633426624
1.8855358871574937,0.000811505577740303
1.894271800700292,0.000822055601316439
1.9070322660473584,0.0008326061069329878
2.013822222815968,0.0008431567205978106
2.029501879329936,0.0008537075332569926
2.0397745953022928,0.0008642586496626692
2.0535126398034538,0.0008748099720442156
2.0539903672727142,0.0008853614120414136
2.087734337253023,0.0008959129076146564
2.1089424353722133,0.0009064646711208136
2.113169887208896,0.0009170168965086977
2.14365769746695,0.0009275693925311184
2.2100863204214,0.0009381220032078534
2.239930955979551,0.000948674659251743
2.296882760939208,0.0009592276830066642
2.321321293685787,0.0009697807603469496
2.338274003549704,0.0009803342869585902
2.3535742670249227,0.0009908882203782635
2.41547366155735,0.00100144234652793
2.417515632645216,0.0010119967423891938
2.453829186054524,0.0010225513510400146
2.463520044155094,0.001033106296527584
2.4812234949880607,0.0010436614627642841
2.53618755262642,0.0010542169475020952
2.5391263891514453,0.0010647731423693856
2.6437201855342125,0.001075329759266517
2.6878623148045,0.0010858865077735017
2.713781359912648,0.0010964433991823173
2.757368324402091,0.0011070006121321405
2.8141056898108783,0.0011175580992612833
2.834055668518201,0.0011281156955865572
2.866016918772912,0.0011386734646303717
2.8708138823499523,0.001149232044880151
2.8819476861419395,0.0011597909929304533
2.900132313011621,0.0011703500247028245
2.908704870056085,0.0011809093297212418
2.940109886680985,0.0011914687227754302
2.991378503186316,0.0012020282588605304
3.013864987174833,0.001212589398805531
3.0264749890581206,0.0012231507064047894
3.049803454764195,0.0012337121038877355
3.080905856834024,0.0012442737154354734
3.085751151316332,0.0012548363769286496
3.0904235956800594,0.0012653991212092054
3.117718175495581,0.0012759620146291484
3.1918206406701466,0.0012865253794244694
3.205378165606842,0.001297088824665147
3.273164512424464,0.0013076524677121011
3.2761140369262205,0.0013182163263465727
3.2806087496516634,0.001328780320439508
3.288080323429112,0.001339344352532233
3.412538226702822,0.0013499084663216715
3.457336366852094,0.001360473033004292
3.481689918981961,0.001371037885889055
3.4882883362958856,0.0013816032031378084
3.518179446463576,0.0013921685765615496
3.557822315236097,0.0014027340726805264
3.5693527042882525,0.0014133002089331496
3.573749764609756,0.0014238663953483103
3.6277452338439433,0.0014344326709878645
3.636279114813788,0.0014449990060698545
3.641324684543131,0.0014555661146738942
3.668651481612987,0.001466133683767482
3.692854142652436,0.0014767014130851264
3.704902491637634,0.0014872694561393568
3.7087867354096544,0.001497837683266884
3.7290249276894754,0.001508406122841333
3.735456325262133,0.0015189747585347398
3.767069087357736,0.0015295436557989524
3.800002832308275,0.0015401128512440088
3.8017273506688873,0.0015506823402810148
3.8305681857778335,0.001561252131644926
3.833139151895876,0.0015718221013908216
3.845559418273432,0.0015823921549137764
3.882339184048981,0.0015929622716859052
3.9242213369861982,0.0016035325921188886
3.927220480086645,0.0016141030790151759
3.94474630208475,0.0016246738746572014
3.983009122243463,0.0016352452864041897
4.072678618777731,0.0016458172541320708
4.091230488106261,0.0016563893825774485
4.153527079121246,0.0016669618733435882
4.213780291915219,0.0016775345958851007
4.2153387771583,0.0016881074134927248
4.227313717683204,0.0016986806786595593
4.243380002426402,0.001709254071054765
4.246621746094624,0.0017198275581642717
4.27250501197839,0.001730401469503959
4.30425927022866,0.0017409754040137299
4.393825396925709,0.001751549815652335
4.424407880667699,0.0017621242606191778
4.474527596231568,0.0017726988434295916
4.496123629108428,0.0017832736028744977
4.501896536181548,0.0017938488682099642
4.530742679466982,0.001804424613783731
4.539408387176817,0.0018150004060523228
4.543074149555694,0.001825577294013596
4.549030058086903,0.0018361542793507762
4.5676744432677925,0.0018467314796600963
4.579167665411309,0.0018573088310654357
4.627852779986985,0.001867886546764107
4.648805909055868,0.0018784644268166905
4.724026595677232,0.0018890423646839068
4.768155861133113,0.0018996209064233752
4.771120337850323,0.0019102000087587202
4.801501508322818,0.0019207792008207806
4.828700775277973,0.001931358576984815
4.839846053439562,0.001941938079398299
4.881401291236063,0.0019525176367985043
4.903931017439936,0.001963097289104011
4.907764596590414,0.0019736773789525287
4.916202582372897,0.0019842575650217066
4.916449189972973,0.0019948379310880783
4.963745358676004,0.0020054183476095463
4.978639022015955,0.002015999165030605
5.010313041472793,0.0020265811220926415
5.041653353544225,0.0020371632829020666
5.091914853757509,0.0020477459736409826
5.094571207383246,0.002058328805072321
5.109452183111038,0.002068911756485709
5.112383360236422,0.0020794949138703625
5.152221014129965,0.002090078241759208
5.208468053557902,0.0021006616781939907
5.224308862351897,0.002111245545725393
5.297459693563393,0.0021218295425158382
5.340556935231414,0.002132413642329142
5.342684926245102,0.0021429979705112436
5.35552665313072,0.00215358240355002
5.372796359308781,0.002164166957767342
5.381481404353049,0.00217475273625653
5.412233758787007,0.002185338709493622
5.423710697695653,0.00219592473597305
5.482642871721971,0.0022065108761687396
5.5550759368906855,0.00221709718654999
5.573812925465865,0.0022276836185016065
5.580633084202264,0.002238270450864098
5.595745405884586,0.0022488577398991727
5.597669491315928,0.0022594464754101032
5.603525921444003,0.0022700354492179685
5.627650770782358,0.0022806248286313733
5.668593258419141,0.002291214893896609
5.685590419326074,0.002301805101985082
5.697743797833495,0.0023123955029976675
5.764014722590563,0.002322985963673135
5.766759980901512,0.002333576520241588
5.784311082983271,0.002344167690757458
5.784730605560225,0.0023547593897419276
5.827995658345067,0.0023653511811292023
5.851957010381092,0.002375943020647202
5.883053228210662,0.002386535193206943
5.905651215340431,0.002397127839811175
5.912701660316576,0.0024077206141349733
5.920745074277753,0.002418313501284736
5.9428992993294045,0.0024289065020390343
5.961418675388075,0.002439499793893049
5.978021735153886,0.002450093161084837
6.019365798610346,0.00246068698494081
6.019934635980523,0.0024712816216974783
6.041787321074404,0.0024818765370564133
6.061691440198211,0.002492471647194073
6.092441986177879,0.002503066884523668
6.127250353895404,0.0025136627806941468
6.140896003442484,0.002524259311020509
6.2406739725088505,0.0025348561387301123
6.2656378971593085,0.0025454531063864414
6.278356723107009,0.0025560501505827713
6.285184126762855,0.0025666473737346587
6.289198782740721,0.002577244726461811
6.3034414894575,0.0025878421331182754
6.386001884129266,0.002598440134966184
6.3967612147830994,0.0026090383136655876
6.40028287108136,0.0026196366969381602
6.400313326454535,0.002630235188568399
6.408568456244902,0.002640833938593752
6.496927786003621,0.002651433158426422
6.519871793967327,0.002662032892993178
6.535848680005845,0.0026726334631841835
6.540145863700541,0.0026832342466525127
6.5678110694474805,0.002693835120116386
6.5868806820684345,0.002704436423136635
6.62871617540266,0.0027150390077535645
6.6318414833928285,0.002725641834860553
6.63294990913653,0.002736244827716201
6.636883479138445,0.002746847968909705
6.663252407133787,0.002757451363622507
6.721895007062299,0.0027680548547236953
6.736338452877737,0.0027786584308434666
6.7862226314316,0.0027892621800046165
6.8133267930289545,0.00279986609004805
6.855983309532604,0.0028104700962481104
6.866441089385518,0.002821074479038216
6.890510806814469,0.002831679090329082
6.892101099357856,0.002842283997049479
6.947887635257181,0.0028528891069490385
6.953356174921583,0.002863494308846809
6.966452406729005,0.0028740995505235315
6.970108869119422,0.002884705533359429
6.9936213600850055,0.0028953119220221555
7.003246501686915,0.0029059185527380823
7.022749507472617,0.002916525402389947
7.05957091382915,0.002927132490161631
7.081979353750499,0.002937740094866818
7.151268499522706,0.0029483484419734144
7.161839130368878,0.002958957156684349
7.170714592378232,0.0029695659459850958
7.239196624597836,0.0029801751033145096
7.262476864520363,0.002990784353447718
7.27990919623557,0.003001393770033151
7.319040052296351,0.0030120033000665047
7.328550603361634,0.003022613024277694
7.33279284916279,0.0030332230106409376
7.335537276593325,0.003043833321094944
7.355902616679066,0.0030544440037089497
7.365678647898437,0.003065054801959366
7.367372971988933,0.003075665664960904
7.379010014222955,0.003086276573859762
7.410069519488704,0.0030968883413622665
7.458803858987619,0.0031075014997665965
7.503107696308426,0.0031181148006148773
7.534155945086812,0.003128728255257542
7.564988344350953,0.0031393418124160354
7.577242937335773,0.0031499555720887456
7.624819151618724,0.003160569452264268
7.645772652048759,0.003171183900295284
7.696939971486525,0.003181798502460256
7.79569751914272,0.0031924133451864483
7.805363425489375,0.0032030285782872524
7.895773718968847,0.003213643841418022
7.916395286609753,0.0032242594971970172
7.937164089522819,0.003234875367533806
7.977784298506733,0.003245491490155176
8.041995694907529,0.0032561083264388137
8.057601977561314,0.003266725352435959
8.061499001101815,0.0032773432810691634
8.12494887453592,0.003287961501595197
8.13857913202427,0.0032985798283306994
8.143374287888664,0.003309198321980159
8.16727474624874,0.0033198170242329664
8.172367261543775,0.0033304360165351487
8.20603659981143,0.0033410552919048765
8.209616137859404,0.0033516751904361154
8.2270573151694,0.0033622952501662392
8.314775464233334,0.0033729156147701716
8.375506274254345,0.0033835361459010178
8.409997740002993,0.0033941572833976236
8.424543262583292,0.0034047786185168244
8.438403638487193,0.003415400105698353
8.442558154912511,0.00342602196243867
8.48023113185611,0.0034366447608296913
8.48675349321767,0.0034472676282520194
8.542570492191174,0.003457890832289521
8.54756825707644,0.0034685144654800185
8.559471765587453,0.0034791383988599617
8.577512791508315,0.003489762405076054
8.583287146811848,0.003500386503395198
8.586494843271419,0.0035110111636251305
8.68792609726749,0.003521636059443216
8.688915199108456,0.003532261213388201
8.719795596031815,0.003542886488802541
8.772713185801168,0.0035535119696372425
8.780617748049393,0.0035641377236915826
8.83770155001067,0.0035747636021119735
8.865311612607488,0.003585389917890674
8.921845337257636,0.003596016762057699
8.924823946759982,0.0036066437764033362
8.942921904484948,0.003617270905807475
8.944633028577256,0.003627898118486303
8.999702694693074,0.0036385259088787523
9.013435789234574,0.003649153900193818
9.019444526753356,0.0036597824200587533
9.027802405741753,0.003670411480933616
9.065160984266033,0.0036810407078020834
9.104014650165542,0.0036916700309346344
9.147133063595623,0.003702300683391593
9.19939303042989,0.003712931699304652
9.229157923416832,0.0037235630594996925
9.323382636956676,0.00373419461988975
9.370414998491157,0.0037448265025922206
9.37471444385823,0.003755458461678105
9.43119391334398,0.0037660905695929723
9.43715031198818,0.003776723121629828
9.45684551925684,0.0037873562090641804
9.458739862803508,0.003797989384579489
9.484948256398258,0.003808622599321932
9.503744205936288,0.003819256035047266
9.52387953457956,0.0038298895494428458
9.543311861052976,0.0038405231791839084
9.561099826854887,0.003851156842633063
9.571125909935551,0.003861790674161157
9.602681612217433,0.003872424595757627
9.60423470686406,0.0038830586565169805
9.611442512173294,0.00389369335777256
9.639256256283383,0.0039043280970365315
9.707810032998148,0.003914962900174109
9.771338990157568,0.003925597901022272
9.794128253812383,0.003936233169309142
9.804392454562317,0.003946868574953363
9.81778093130553,0.0039575043410411
9.86863648234014,0.003968140791874635
9.869176446088012,0.003978777320549845
9.899172389250351,0.003989414265263759
9.920920883578583,0.004000051404416799
9.94241119614008,0.0040106887501644714
9.977740541836084,0.004021326263261904
9.981807559297131,0.0040319638628060666
9.984313847179518,0.004042601508663817
9.995015113815716,0.0040532393306878505
10.043542298475495,0.0040638775453512264
10.06426028187976,0.004074516086601146
10.076119641675984,0.004085154667099621
10.147635245964532,0.004095794241079144
10.15361323617436,0.004106434153453134
10.17094226248497,0.004117074336765523
10.178690511435272,0.0041277150243530306
10.193842048725148,0.004138355777713663
10.27657271350107,0.004148996876595132
10.286334542062214,0.004159638182473906
10.290723770639469,0.004170279587531301
10.29591536898361,0.004180921222779103
10.3091424275201,0.004191562998744605
10.31747310025972,0.004202204954443013
10.347377169169848,0.0042128473081867466
10.354809481597592,0.004223489808547188
10.46258633254847,0.004234132417699792
10.4923700871509,0.00424477520115325
10.495010424864589,0.004255418077053147
10.495886671812992,0.004266061159010406
10.512494836948983,0.0042767043415630045
10.522338264025748,0.0042873478594967806
10.53009138681093,0.0042979919623100426
10.55689080387543,0.0043086365200299915
10.655257711808993,0.004319281135696651
10.671395097302156,0.004329925794076061
10.702422796941017,0.00434057090059866
10.741508845638563,0.004351216043778485
10.827638704875028,0.004361861929221961
10.834141064667508,0.004372508100535103
10.922678813584398,0.00438315439991565
10.940888069706183,0.004393800956244599
10.95106402475748,0.004404447706808105
10.965220279927012,0.004415094599838644
10.99267668876838,0.0044257418820690285
11.04515979184219,0.004436389298414797
11.04919734663066,0.004447036877004274
11.052918093050373,0.004457684729626176
11.074010777781378,0.004468332647296987
11.16480468044382,0.004478980745561385
11.26850892825645,0.004489629155072237
11.28553435940226,0.004500277635052552
11.296817481608674,0.004510926209971017
11.311409027401243,0.004521575109491456
11.329200682957346,0.0045322242503031285
11.347756081055,0.004542874304134426
11.356949783082865,0.00455352517376301
11.527069725186502,0.004564176234353159
11.55471411198196,0.004574827361739968
11.57730086591641,0.004585478819251198
11.61237268327056,0.004596130664391903
11.617158615792045,0.00460678363435145
11.624081872637834,0.004617436955065421
11.67047825745244,0.004628090421443275
11.713715635535408,0.004638744009126484
11.732737563891533,0.0046493986079838056
11.787736038709117,0.004660054246871402
11.791699360402005,0.0046707101952784295
11.83409095299968,0.004681366959019874
11.85407256458546,0.0046920239195746265
11.870764010881938,0.004702681016661436
11.881237191595742,0.004713338813205332
11.895359196484458,0.004723996875327403
11.898977578267631,0.004734655056721306
11.904077291482665,0.00474531340211755
11.912580704337971,0.004755971879930619
11.932626428885929,0.004766631183579032
12.025898870212965,0.004777290673773749
12.038863962908753,0.004787950285007218
12.136661273601172,0.00479861086143628
12.147800618669898,0.0048092714918384315
12.151120422030145,0.0048199322862473
12.16719923468874,0.004830593453884283
12.230294134037344,0.004841255009086133
12.243660292223394,0.0048519166902064904
12.326590668317523,0.004862578538106911
12.327035349776688,0.004873241169743159
12.36929292713568,0.00488390398892682
12.378654541998262,0.004894567166348987
12.388254659285405,0.004905230592998547
12.39059840164314,0.004915894490291561
12.466653179405654,0.004926558526904593
12.471942494427251,0.004937222780711881
12.51951916002904,0.0049478872178277756
12.526501538197952,0.004958551903639345
12.542564277436128,0.004969216747032923
12.548942106071893,0.004979882004420713
12.577876333258708,0.004990547386843005
12.611667853994858,0.005001212946686556
12.620895975257286,0.0050118787346184026
12.663270375474625,0.0050225446412673624
12.66786112886301,0.0050332108186536455
12.674109082408249,0.005043877543253297
12.686433656258052,0.005054544329429158
12.690737610315434,0.0050652112602819896
12.71640711814148,0.005075878385108112
12.727431846272248,0.00508654563873175
12.735526987074396,0.005097213550484027
12.736109013675025,0.005107882014725933
12.74639739380866,0.005118550536237319
12.793926655381648,0.005129219119448409
12.811478673455802,0.005139887805256966
12.822354568864148,0.005150556581584829
12.838795045661632,0.005161225415105263
12.876554064469254,0.005171894420630799
12.885930865791671,0.005182563843815129
12.90219136176888,0.00519323338136463
12.95776804515098,0.0052039029775402465
12.965610043268253,0.005214573200271629
12.976403460511891,0.005225243865979488
12.97958200744358,0.005235914696531324
12.980493248839288,0.0052465855793179745
13.004231045099166,0.005257256641409993
13.047420688504124,0.0052679278871478165
13.079941561526864,0.005278599456440934
13.083824164855368,0.005289271280744552
13.09076713253918,0.005299943230053177
13.142788499042888,0.005310615487702985
13.182557683700589,0.005321288001477411
13.189723222830953,0.005331960785889985
13.197752855110508,0.005342633788407865
13.240112645089225,0.005353307421086297
13.247491175490216,0.0053639812653123115
13.256607649338834,0.005374655470025841
13.25989422463172,0.005385330255483803
13.262076848407304,0.005396005217786807
13.325368883121616,0.005406680543446578
13.346080526470764,0.005417356202976882
13.346649151455903,0.005428032026432826
13.412176576832229,0.005438707997830409
13.418463292108015,0.00544938406886862
13.424444333683184,0.005460060189530998
13.46523542818055,0.005470736474199493
13.503292066915655,0.005481413099492351
13.52525252291522,0.005492089809152309
13.527794694505562,0.00550276726993091
13.538185651997376,0.005513445150510063
13.567923487668054,0.005524123153033625
13.581072423521997,0.005534801271125653
13.594697849414183,0.005545479913306457
13.622943539443591,0.0055561586811145956
13.673143256654468,0.005566837584050245
13.67671512193096,0.0055775166082760235
13.680718326853851,0.005588195763422593
13.723634822444986,0.005598876057943664
13.791753304100324,0.005609556490455105
13.805165095321854,0.005620237177585756
13.809303063130852,0.005630918244238154
13.853006698894276,0.005641599566443064
13.884139463633044,0.00565228100142559
13.897566190384362,0.005662962674130405
13.912117802488128,0.005673644444789921
13.915558322533707,0.005684326587128948
13.922901614193716,0.005695009377040481
13.934045092051448,0.005705692346573129
13.950747275860596,0.005716375433092571
13.964481973646858,0.005727058629880761
14.00034467836561,0.005737741896809747
14.001153302185376,0.005748425596401144
14.01554051291697,0.005759109390667182
14.037333973891627,0.005769793448660358
14.087018845323165,0.005780479108668868
14.094295860170424,0.005791165075810284
14.178791240551014,0.005801852104822953
14.224813090561264,0.005812539232990523
14.246154024723529,0.005823226979105839
14.272562457825916,0.005833914776365116
14.2911370880254,0.005844602792274814
14.336791497785024,0.00585529086072451
14.353968397207982,0.005865979129957491
14.398628856771548,0.005876667616361846
14.48053363155174,0.0058873561821978955
14.481645017120163,0.0058980448673950255
14.50408548568811,0.005908733680146531
14.511924420188407,0.005919422597201753
14.514986114092885,0.005930111815040041
14.517257687766929,0.005940801364274644
14.556165457062871,0.005951491360011309
14.577135013739852,0.0059621815604292755
14.641958099090203,0.005972872018844914
14.64331452807958,0.005983562540747995
14.659349198141427,0.005994253146129363
14.666848533030436,0.0060049446762436955
14.679048153469246,0.006015636701094611
14.684303309286475,0.006026328898534962
14.696982919857374,0.0060370214691144895
14.722944849660234,0.006047714346728473
14.72655358220936,0.006058407533643134
14.791516628649914,0.0060691008899217275
14.792397896485078,0.006079794332688415
14.79597717690265,0.00609048797621704
14.90754732441206,0.006101181823891206
14.925868013468849,0.0061118760139014985
14.986386943656097,0.006122570295491079
14.994177342236226,0.006133264654041339
15.028697382136231,0.0061439591673161115
15.034632248253327,0.00615465401821689
15.06839600734624,0.006165349171668042
15.076464135466908,0.006176044505084862
15.084747052612832,0.006186739951564936
15.131098672809111,0.006197435515056574
15.166113311599188,0.0062081313531737155
15.175131532609475,0.006218827285512152
15.179072707579946,0.006229523348578917
15.213107969802012,0.0062402194616456115
15.232669109736712,0.0062509156910372
15.235509674757273,0.006261612644411818
15.263718593243183,0.0062723097521051345
15.291534559142583,0.006283007067165071
15.296122209678453,0.006293704458319549
15.29847118905464,0.006304401973974615
15.336460309671748,0.0063150998378228304
15.417202613757048,0.006325797902547075
15.452466322127076,0.006336496187017831
15.453252671085544,0.006347194675117952
15.49507783068102,0.006357893213915313
15.498163963325554,0.006368591870376327
15.504116664387212,0.0063792906942217315
15.53224204903572,0.0063899896777651595
15.568498427814047,0.006400689333681717
15.570361005995784,0.00641138902004549
15.607828191970007,0.006422088871295516
15.609377664094067,0.006432789133462712
15.612750880097847,0.006443489531052372
15.633052314989383,0.0064541900291436895
15.65485620210445,0.00646489100045205
15.657054226690686,0.006475592180736678
15.709740254998062,0.006486293478964036
15.734904446603098,0.006496995054569649
15.762544105523622,0.0065076970477236885
15.81423194101968,0.0065183992526057135
15.880633899342945,0.006529101818571071
15.883908604865372,0.006539804502679431
15.9388322711235,0.006550507451083374
15.953054471835484,0.006561210440843575
15.999745027026009,0.006571913724128554
16.042795359353097,0.006582617140469702
16.0628502273562,0.006593320638434912
16.081951533039923,0.006604024337091131
16.091820849599387,0.006614728267542021
16.09431298093593,0.006625432521036106
16.117587341437336,0.0066361371250290855
16.163542589453098,0.0066468417709322864
16.178504575900295,0.006657547200100862
16.21580572413922,0.006668252776682387
16.23712389154832,0.006678958513729196
16.242156633827637,0.0066896643577908374
16.274257882524456,0.006700370361104755
16.322298463483797,0.006711076681845608
16.326305423555414,0.006721783354529649
16.330203168840058,0.006732490115442332
16.386233742915014,0.006743197038461285
16.452394213235475,0.006753904010445448
16.46291647422754,0.006764611079857759
16.48265164724345,0.006775318473853146
16.58369212262143,0.006786025978179355
16.59874417538357,0.006796733722923804
16.66179974470107,0.006807441674874379
16.711831970301564,0.006818149718766602
16.730687686677797,0.006828858059004397
16.752083870349164,0.006839566465637614
16.758684541504717,0.0068502749203030655
16.770415285528454,0.006860983476333933
16.81072160676816,0.006871692202044183
16.82655903192139,0.006882401080420496
16.833927544740565,0.006893110223226521
16.835654950659574,0.006903819801753505
16.84325846190978,0.006914529641002922
16.88844971993243,0.006925239831964641
16.89978293080225,0.006935950170125969
16.9157475860741,0.006946660617168245
16.973795748621356,0.006957371302299699
17.005775052709147,0.006968082094207057
17.010590399937254,0.006978793241704375
17.010825723098154,0.0069895045771740565
17.02955756278502,0.0070002161474268495
17.032700445497472,0.007010927771371167
17.04491861765124,0.00702163956481605
17.048980255625068,0.007032351429102154
17.101009316189934,0.007043063512704405
17.108931114637,0.007053775743817395
17.119278481848824,0.007064489112746623
17.157082397524764,0.007075202531871025
17.15731206963894,0.007085916097102497
17.17139478006155,0.007096629730586739
17.264274050249874,0.007107343729606824
17.29531574842917,0.007118057825152485
17.300021903562445,0.007128772191059876
17.351905294934127,0.007139486627813368
17.441828112414523,0.007150202249075331
17.5011684637566,0.00716091809871869
17.505767460929007,0.0071716341191068005
17.528773352972802,0.007182350430750069
17.579449416290444,0.007193067088447285
17.62627905625691,0.007203784251467085
17.641240983769755,0.007214504136087388
17.647008142310618,0.007225224197583559
17.662027176614355,0.0072359445959450305
17.671045771602852,0.007246665174166011
17.690718778763625,0.007257385800510798
17.725321152942076,0.007268106642134695
17.782348142936254,0.0072788275756767796
17.785646294823387,0.007289549041561681
17.785688407471614,0.007300270851784944
17.79721792285768,0.007310992812465474
17.846051407879354,0.007321715042738045
17.922392108452417,0.007332437774327633
17.948983909477704,0.007343161225289075
17.958510292693646,0.007353884823265396
17.99628786264349,0.007364608788406039
18.009433439667802,0.007375332855409144
18.037248412406687,0.0073860576271364345
18.07187564541426,0.007396782476372028
18.12928918427711,0.007407507426430872
18.160614716496333,0.007418232840451599
18.16547880840676,0.007428958445036946
18.20738631301057,0.00743968415826735
18.24532704785595,0.007450410008334756
18.259957872552462,0.00746113600242856
18.29266340584834,0.007471862318055953
18.30562623206544,0.007482588880299888
18.32548279225334,0.007493315649944354
18.329685730926016,0.007504042695578315
18.3997471171811,0.007514769860745378
18.40735424829341,0.007525497103044123
18.43099407580529,0.0075362247466785595
18.467496416636617,0.007546952767575773
18.46794119661292,0.007557681025721791
18.507989325011824,0.007568409413629989
18.52500845864004,0.007579138380523161
18.54607588705318,0.007589867593684459
18.548192755708467,0.007600597249598164
18.55542941055033,0.007611327223601946
18.569742671723738,0.007622057433897881
18.58111250501817,0.007632787720029554
18.59035154960158,0.007643518829885532
18.59108025336681,0.007654250398692849
18.6224403895498,0.0076649825509806395
18.70113751957789,0.007675714938372465
18.718523152772057,0.007686447466489121
18.7275728908924,0.0076971801964356755
18.76012983161965,0.007707913292676199
18.799589301858344,0.007718646671210115
18.84581218092093,0.00772938022732865
18.84888570499596,0.007740113905547969
18.945342506776107,0.007750847768500846
18.949958056282423,0.00776158311913595
18.98160216900805,0.007772318940788128
19.069338111145044,0.007783055022398589
19.071353509709613,0.0077937913042515775
19.076902645740223,0.00780452777164305
19.103614057558847,0.007815264467479256
19.11428380744126,0.007826001435582498
19.12260199945824,0.007836738484678576
19.127430291993008,0.007847475935545885
19.20851272170903,0.007858213939775639
19.228527117225667,0.007868953169791464
19.26778967994504,0.007879692611047496
19.30679626586627,0.007890432135995483
19.30943131452377,0.00790117173744065
19.33035455899197,0.007911912205760742
19.36194884007048,0.007922652802504043
19.36805808673568,0.007933393510288139
19.376067481023583,0.007944134946645982
19.4044596736551,0.007954876440011735
19.43361095925607,0.007965618334866397
19.46268398522693,0.007976360720273053
19.481262727771043,0.007987103403298718
19.486722189354875,0.007997846423101994
19.499977303779747,0.008008589570530553
19.55350268066653,0.008019333231518495
19.57448786629738,0.008030077059463904
19.602111286531144,0.008040821241093664
19.614471042945706,0.008051565722395728
19.61733828492805,0.00806231038958902
19.682247326786623,0.00807305527411696
19.69344565933161,0.008083800191277307
19.69787215668156,0.008094545140612421
19.726837733466294,0.00810529024297047
19.733683798964453,0.008116035558296767
19.743715956734377,0.00812678152357827
19.75267558536041,0.008137527719925475
19.81005074137752,0.00814827416738149
19.829673093080167,0.008159021131942508
19.830964314230908,0.008169768453660605
19.834134658204665,0.00818051614032912
19.95098009688128,0.008191263925099916
19.976446198696923,0.008202012412070104
20.030617268143327,0.008212761723850976
20.06766849425517,0.008223511220336472
20.06995943256176,0.00823426076868357
20.17337781073258,0.008245010424930818
20.18643767462213,0.008255760981267077
20.228559194350897,0.008266511600070884
20.229891792496225,0.008277262249579179
20.269986321775217,0.00828801309093963
20.29306721830532,0.008298764237383266
20.298844354194124,0.008309515632167232
20.31231464887594,0.008320267133340005
20.420290958167325,0.00833101880903498
20.530049487159545,0.008341770540506803
20.53642314857916,0.008352522353933363
20.55493482333318,0.00836327428622422
20.64542364684537,0.008374026404787292
20.674180313465016,0.008384778618974766
20.68528021716088,0.008395530871351382
20.702675514278525,0.00840628331504883
20.71447728675456,0.00841703587455031
20.75289772660653,0.00842778857096539
20.77000932276946,0.008438541402549465
20.786538764320536,0.008449294564106315
20.790294500497875,0.008460047861658838
20.84521328959011,0.008470801483322249
20.86008377646653,0.008481555213363533
20.943451861147462,0.008492309158243465
20.97416013423867,0.00850306316736836
21.06316271455491,0.008513817260660746
21.07070321156964,0.00852457165462595
21.07974696748138,0.008535326203036604
21.10778541467112,0.008546081361966251
21.15184925860888,0.008556836666549201
21.1655720919705,0.008567592092082556
21.19803196844278,0.008578347638232876
21.198435687484366,0.008589103781895792
21.22750241557965,0.008599860058875851
21.26439254651869,0.008610616782735513
21.28259170907253,0.008621373723361721
21.29136039346848,0.008632130988654937
21.292725588493614,0.008642888733176955
21.304609226354245,0.008653646588766911
21.32187096878193,0.008664404774548102
21.32850180874016,0.008675163366007967
21.389125879115912,0.00868592200812651
21.40465235878172,0.00869668137942736
21.40923779248348,0.008707440932228225
21.41217226210388,0.00871820092913074
21.414109754337385,0.008728961418358626
21.41778795402479,0.008739721940601262
21.437569293430297,0.008750482576739181
21.466750949125625,0.008761243261850585
21.468437555528425,0.00877200421342087
21.560115456510147,0.00878276526506929
21.59487125794349,0.008793526596933318
21.620378919928186,0.008804288022819011
21.647464646844647,0.008815049813588723
21.649643124363955,0.008825812122438097
21.67264367409808,0.008836574772223599
21.700904646791784,0.00884733779065018
21.73306770317428,0.00885810098203696
21.738632660231712,0.008868864502840336
21.74315480810218,0.008879628073359163
21.7623559480872,0.008890392130487602
21.7636995170996,0.008901156610981365
21.774909710429288,0.00891192118311171
21.836946210575,0.008922685903805069
21.862414733372457,0.008933450707412052
21.86584833849562,0.008944215632602032
21.86721158133491,0.008954980669464896
21.882408640631617,0.008965746006742747
21.933359336770987,0.008976511589343551
21.934758491246576,0.008987277535192777
21.93726855387333,0.008998043617434759
21.974288161753545,0.009008809780644243
21.97474068464036,0.00901957641726583
21.9970154731806,0.009030343172981034
22.04568829021325,0.00904111015296875
22.067785305568087,0.009051877517504293
22.068721742157948,0.009062645171559431
22.06949624208073,0.009073412930054835
22.07769443177685,0.009084180834674544
22.1860441561892,0.009094949094891608
22.19240103606536,0.009105717755359611
22.215950869566143,0.009116488329281794
22.231708957522045,0.009127259084355344
22.283803262086074,0.009138030477179303
22.29756203765948,0.009148802058762331
22.31866408233895,0.009159573785651244
22.344021344468526,0.00917034560537812
22.37908060413919,0.009181117477027465
22.42443836472641,0.009191889408346006
22.426595112246925,0.009202661676371494
22.44158181299728,0.00921343403297951
22.466210682303675,0.009224207064097987
22.485338161874875,0.00923498020975407
22.49055417416137,0.009245753623465516
22.511780511349592,0.009256527169663293
22.53389259140769,0.009267301514590294
22.53613736952525,0.009278076099159227
22.610473509180693,0.009288850934555334
22.680474029516184,0.009299625971762366
22.723462761512973,0.009310401341384791
22.779035738580248,0.009321177229152055
22.78790181579404,0.009331954130433391
22.80006069543193,0.00934273128776439
22.80787549274089,0.009353508544432577
22.81858899006556,0.009364286778999404
22.8293208201345,0.009375065301887326
22.833963193930376,0.009385844626780748
22.84343718667686,0.009396624514444847
22.881121745361824,0.009407405734542329
22.93204048035859,0.009418187294211785
22.95867749216984,0.009428968949018795
23.0601008231839,0.009439750741206466
23.07286510017323,0.00945053265011957
23.07790747898761,0.009461314744208738
23.10565570819036,0.00947209734641867
23.12902097768319,0.00948288019468508
23.133002666015145,0.009493663204091144
23.140781036520856,0.009504446262660143
23.20240237559991,0.009515229476705118
23.229949469406787,0.009526012874340595
23.24967165345177,0.009536796351766874
23.31843371793657,0.00954757995624482
23.325227029402605,0.009558363720979034
23.34063051225985,0.009569147670650943
23.37683791252842,0.00957993252569977
23.38037366598587,0.009590717652428086
23.406904861577903,0.00960150294259969
23.429708749360003,0.009612288392945468
23.438632254200773,0.009623074161694799
23.442723422253447,0.009633861220925919
23.47577036826531,0.00964464839595551
23.478368626104,0.009655435734136736
23.49895901760799,0.009666223243800641
23.52640543803082,0.009677011044406329
23.536976672071912,0.009687799371358703
23.56467555107184,0.009698587861404349
23.57490407145777,0.009709376484698858
23.592086812737165,0.009720165255916792
23.592186901530912,0.009730954267300045
23.644424288302687,0.009741743984951633
23.67890801745653,0.009752534023100171
23.75515797322612,0.009763324403481615
23.82708234759417,0.009774115516893788
23.891283942200573,0.00978490667425409
23.962670625572954,0.00979569819065583
23.98202497437256,0.009806490170467082
24.00091136841259,0.009817282345840435
24.020403494271395,0.009828075556119432
24.020740583525583,0.00983886974829628
24.077017825643924,0.009849664066756142
24.08438376507801,0.009860458675369499
24.14158204402152,0.00987125333787148
24.156258972716603,0.009882048082016405
24.16512340706712,0.009892842863720277
24.168748808148827,0.009903637759471265
24.206958814831022,0.009914435287960465
24.21220513266713,0.00992523298512736
24.22483019481492,0.00993603095892824
24.22861329809991,0.00994682901554889
24.261321505174124,0.00995762744967005
24.272619638558385,0.009968425966718762
24.28363394859554,0.0099792247398829
24.36067860711205,0.009990023852241993
24.36818534230717,0.010000823167185032
24.410324613412666,0.010011622734088997
24.457039142809776,0.010022422685783143
24.48460349304792,0.010033223293721801
24.499058573756933,0.010044024555673749
24.50240149329824,0.010054826002514944
24.56846027188978,0.010065627563926916
24.68488870775808,0.010076429209367722
24.70941392628912,0.010087230955732005
24.71935980254717,0.010098032745250554
24.728700819910213,0.010108835074112702
24.73831459321848,0.010119637565650048
24.74734634972027,0.010130440733198503
24.754703419344843,0.010141243975556314
24.774736662119867,0.010152047709203563
24.799050563720915,0.010162851774202165
24.83385134222596,0.010173656290437342
24.857171195708137,0.010184461122106728
24.97392011929266,0.01019526609901247
24.9798079178306,0.010206071189088799
25.01642189712705,0.01021687643411587
25.0387542159056,0.010227681972898299
25.04070526907102,0.010238487629703755
25.05541712112784,0.010249293778879457
25.12258373552057,0.01026010043557655
25.12622885841565,0.010270907291702018
25.142208897074426,0.01028171435610121
25.154445131668982,0.010292521995236293
25.161928921776333,0.010303330087903732
25.16809110334137,0.010314138301673261
25.180614912900165,0.010324946729161228
25.19001628459872,0.010335755474296038
25.19491574473075,0.010346564277894462
25.23500448040533,0.010357373163851666
25.284474404921387,0.010368182191118683
25.307659817081564,0.010378992285991314
25.349724252667784,0.010389802595602406
25.438048245639973,0.010400613027118118
25.44665828868062,0.010411423986425626
25.483131651107485,0.010422235079475413
25.486179784685223,0.010433046869291659
25.49262108401824,0.010443858758789712
25.50838076848253,0.0104546707944447
25.524742619587634,0.010465482910499063
25.532680401428784,0.010476295223305987
25.53848117544442,0.010487107821059294
25.548319462216504,0.010497920928374161
25.59227772739024,0.010508734477075983
25.61621160857153,0.010519548198843869
25.73272083939251,0.010530362500636594
25.75791009296712,0.01054117701006559
25.76750203815052,0.010551991591207597
25.80034201212646,0.010562806282247076
25.808412350005963,0.010573621018260478
25.81464238464255,0.010584435847942912
25.81526451804599,0.010595250902084139
25.8271370557974,0.010606066169369013
25.838121098102672,0.010616881628862566
25.844225094377663,0.010627697514244343
25.863070931627536,0.01063851358653419
25.938479558210823,0.01064932981622484
25.986390743246474,0.010660146373443702
25.99737779181078,0.010670963074845335
26.00401535772834,0.010681779982058336
26.024695146077253,0.010692597277379985
26.026617224393043,0.010703414792142969
26.029575963715256,0.010714232481278506
26.051381152730062,0.01072505070439127
26.071870286699017,0.010735869126092505
26.096921803137302,0.010746687894178
26.11438753304905,0.01075750678912759
26.1260070905192,0.010768325948675472
26.13959613465729,0.010779145336067981
26.17708847700825,0.010789964853883258
26.17714532202092,0.010800784725514778
26.184969882037933,0.010811604813764034
26.20829053176613,0.010822425194862335
26.318422370645376,0.010833245696275806
26.334021969795103,0.010844066366432523
26.385885938413143,0.010854887147730313
26.418902846365363,0.010865708006154235
26.469198348090966,0.01087652913750638
26.50627263485004,0.010887350829252114
26.55047857089604,0.010898172576021626
26.558446803853258,0.010908994485485107
26.566388100152302,0.010919816763356686
26.59632121793109,0.010930639144492249
26.60540135700297,0.010941461877945546
26.61412767550913,0.010952285014797104
26.66610748084357,0.01096310822025106
26.69484518146555,0.010973931555261562
26.719356323942744,0.01098475496517074
26.72113864312215,0.010995578496789098
26.78408421344502,0.01100640221882596
26.89176566554097,0.01101722610841372
26.90402219975012,0.011028050678768466
26.94624785417912,0.011038875525532128
27.069374741306724,0.011049700561293093
27.08354771164588,0.011060525890372947
27.13699657987658,0.011071352752674585
27.147748227402136,0.011082179812618461
27.152791863329583,0.011093007068964154
27.15452592811253,0.011103834695594757
27.19457574392196,0.01111466257361878
27.20606059207841,0.011125490537889523
27.21986584932295,0.011136318769779588
27.23162534886746,0.011147147074987195
27.24307305205463,0.011157975644064014
27.279145310499985,0.011168804897086337
27.324743936652137,0.011179634291157313
27.332612835976995,0.011190464223210444
27.39010754219137,0.011201294323557218
27.39992138524869,0.011212124720088697
27.41408109514694,0.011222955170147417
27.427894585704887,0.011233785754255326
27.461071095413462,0.011244616648465303
27.467125912743068,0.011255448371960648
27.493230840552982,0.011266280480725878
27.545632589004853,0.011277112929781848
27.56619104974283,0.011287945617920596
27.56645749463252,0.011298778403474414
27.566755971533297,0.011309611302872577
27.574645101603554,0.011320444890363003
27.58486161353288,0.011331278794419352
27.596915841207064,0.011342112858283874
27.6037118416676,0.011352947310970146
27.639389421208776,0.011363782013581705
27.80332104987837,0.011374616909216297
27.80743440070804,0.011385452006372239
27.82332981638835,0.011396287278627407
27.875198607580355,0.011407122736306409
27.889736385197224,0.011417958529232379
27.983783204808446,0.011428794472418551
27.986253894733903,0.011439630803841654
27.98925903277168,0.011450467427893159
28.035357094047104,0.01146130422807396
28.099935310089712,0.011472141589305937
28.107542674422387,0.011482978997768891
28.1709534854888,0.011493816921009911
28.374710928752712,0.0115046549806989
28.41354283706231,0.011515493152397025
28.417277743373283,0.011526331378258757
28.44595804933398,0.011537169649696373
28.448308540458505,0.011548007963107438
28.449358610966403,0.011558846516920039
28.45702968934732,0.011569685225640308
28.54650188467272,0.011580524030027952
28.57637692005072,0.011591363746303068
28.58967993893389,0.011602203804835646
28.599844387920683,0.011613044545829935
28.60015703877152,0.01162388548739324
28.613574891999715,0.011634726689716546
28.61817971919704,0.011645568148002628
28.62008682515771,0.01165641002856283
28.62419805095326,0.011667252044220033
28.66856536839112,0.011678094145565972
28.6740204580527,0.011688936614377175
28.682890985832525,0.011699779319306094
28.70720394816005,0.01171062217067447
28.7315549871028,0.011721465144764591
28.76014131508004,0.01173230851906325
28.762369033543315,0.0117431522051036
28.799782106560425,0.011753996068454462
28.849336721642924,0.011764840091210893
28.97666860323674,0.011775684314183741
28.999046911107147,0.011786529199652904
29.006559348515403,0.01179737420572781
29.02361760836584,0.011808219340944401
29.032916076116443,0.011819064858099772
29.123347293209,0.011829910495479108
29.18184937326709,0.011840756244285072
29.19784816830225,0.011851602139680213
29.202768724951188,0.011862448719465155
29.268853818723645,0.011873295388093277
29.27337921898189,0.011884142325048174
29.29656640057607,0.011894990547789974
29.33013932872175,0.011905838830838573
29.34893155849928,0.011916687377013672
29.38023171253514,0.01192753609481697
29.38981746279053,0.011938384855942622
29.398521678374387,0.011949234354895283
29.40312105998676,0.011960084466077483
29.40374068479284,0.01197093465475501
29.441866629141867,0.011981784919003473
29.4467452955026,0.011992635267443092
29.464200200855664,0.012003485973274745
29.464528767448005,0.012014337250172756
29.473126916053022,0.01202518881100872
29.49357887300488,0.01203604065070745
29.511605536491725,0.012046892897762843
29.532723844815727,0.0120577454966492
29.552914702166365,0.01206859825168108
29.56525555963039,0.012079451367179195
29.608093141093143,0.012090304559050248
29.62223770055169,0.01210115788723848
29.625104855110457,0.012112011337664185
29.62762254855178,0.012122865072622325
29.63703445518495,0.012133718854420416
29.67393476075037,0.012144573161264386
29.689951178434622,0.012155428628882903
29.69045030994758,0.01216628458766562
29.694141642418103,0.012177140617383212
29.695313767666004,0.01218799676889252
29.722783566357872,0.012198853301304756
29.76912661659702,0.012209709871288672
29.80801867812905,0.012220566664783872
29.96604977564132,0.0122314235032972
29.99596184781656,0.01224228049636861
30.002120926473943,0.012253137590172988
30.01000193600039,0.012263995020583339
30.02890682492232,0.012274852725450449
30.12185623239052,0.012285710601715509
30.1252143210048,0.012296568879833878
30.13622127968728,0.012307427396064066
30.2175257672083,0.012318286106887353
30.22956753232933,0.012329145485324107
30.28103700173204,0.012340005109046584
30.28722685169003,0.012350865226415772
30.301909132811726,0.01236172652188058
30.306847403303955,0.012372588250867475
30.30949149145645,0.012383450121075822
30.331769465801585,0.012394312093147142
30.35567761050664,0.012405174201344314
30.39796327125726,0.01241603649338908
30.411586662294173,0.01242689895143837
30.446529237984603,0.01243776207268935
30.44710221899245,0.012448625252135671
30.535184794092498,0.012459490057235078
30.539090372737405,0.01247035496709804
30.62072166381517,0.012481219964593048
30.652256826332543,0.012492085141790489
30.6972900642276,0.01250295078965675
30.754699480782616,0.012513816472684437
30.79759083144401,0.012524682462435304
30.801787906762247,0.012535548570185106
30.83494201184613,0.012546414860036636
30.841451851311263,0.012557281541019897
30.85614975232114,0.012568148310293754
30.866114370075355,0.012579015227735687
30.90271417491944,0.012589882563823094
30.907188526326948,0.012600749978669086
30.957860443556008,0.012611617458376701
30.970551254712493,0.012622485219943979
30.981508332315,0.012633353597440564
31.039307143646145,0.012644222246414582
31.05002729811723,0.012655091574652432
31.052029066431007,0.012665961124334555
31.085938425252344,0.012676830916403226
31.097328827526127,0.012687700777525422
31.155870374945145,0.012698571436751552
31.19271465199588,0.01270944268020432
31.24657744410198,0.012720314310453212
31.27726288417632,0.012731186063367284
31.31411984188721,0.012742057938054606
31.316482277665138,0.01275293011437802
31.34124922952876,0.012763802585476918
31.37418922256608,0.01277467630205748
31.383901415278704,0.012785550246131535
31.412638017483747,0.012796424282746532
31.46299994568336,0.012807299049923945
31.50742686581325,0.012818174066167058
31.548370584147747,0.012829049315294268
31.591964132319493,0.012839926110991917
31.60053039375384,0.012850803077815725
31.657034354000007,0.012861680248337212
31.702209429858826,0.012872557693655601
31.775021357595165,0.012883435456897664
31.78911784052757,0.012894313580806454
31.825078873648373,0.01290519175407922
31.830682827712263,0.012916070481497765
31.88214102666235,0.012926949403428072
31.894238968965865,0.01293782836934993
31.91249319339415,0.012948707595674848
31.92233686898784,0.012959588050782053
31.927136532346303,0.012970469026293716
31.93068408628531,0.012981350201590804
31.93416475624053,0.01299223156215975
31.94056698384008,0.013003113514447896
31.94349286005957,0.013013995581010102
31.95228377159769,0.013024877772395544
31.96109869943333,0.013035760092850538
31.978918064251783,0.013046642952416677
32.04746543461015,0.013057526085108895
32.06948029011086,0.01306840940105597
32.17850120285392,0.013079292821498315
32.20165840149462,0.0130901763520414
32.20796188288917,0.013101060768984634
32.258538074911066,0.013111945305732096
32.26126305482296,0.013122830603346814
32.27569559174101,0.013133716615239453
32.29986472846635,0.013144602746964898
32.29990360048346,0.013155489444955773
32.32912175354677,0.013166376445764233
32.3456837864909,0.0131772635380851
32.35909872372274,0.013188151427252704
32.367700142684974,0.013199040035782492
32.370195382321405,0.013209928766352104
32.42889132067027,0.013220817615414987
32.44828464153426,0.013231706992612134
32.481187893634726,0.013242596614200018
32.48929328594931,0.01325348703139345
32.52168073005381,0.01326437755837365
32.527349397032594,0.013275269359211694
32.57291591382274,0.013286161363874647
32.583167801234694,0.013297053652445783
32.59042128222983,0.013307946304761217
32.62763614586689,0.01331883905475767
32.63344670142693,0.013329732039610314
32.660408044884264,0.013340625718204178
32.66879253375896,0.013351519676650409
32.66883847321161,0.01336241395939091
32.730612875443065,0.013373308280964813
32.76964130484848,0.013384203314611896
32.77493713945159,0.013395100816289798
32.78914254296292,0.013405998582361457
32.83916933465402,0.013416897184377259
32.84400781258452,0.013427795900614352
32.85262563847366,0.013438694734539588
32.88068893935255,0.013449593784838258
32.90605287085235,0.01346049324330248
32.91283809938532,0.01347139305485091
32.917674820256494,0.013482293241412497
32.93681046442257,0.013493193553939473
32.94795826996925,0.013504094098670176
33.00565962140418,0.013514995451411629
33.02354338099573,0.013525896964928508
33.04575801420496,0.013536799079795558
33.04577801717252,0.01354770143394888
33.08376092461799,0.013558604046982435
33.095652450176964,0.013569506928970063
33.11601155432387,0.013580410042560847
33.125529469380865,0.013591313236942893
33.18498773175571,0.013602216909479544
33.20567479742593,0.013613120785325396
33.2177628517491,0.013624024972645237
33.28610612632674,0.013634930119752664
33.29800440349548,0.013645835630952527
33.31062127723906,0.013656745531398635
33.31573584320871,0.01366765558703979
33.31607533112811,0.013678565744888956
33.34704288681287,0.013689476247332548
33.35179054780381,0.013700386879530296
33.3724168419875,0.013711297766015965
33.38799374653049,0.013722208852725654
33.455606231602154,0.01373312041167461
33.46418519314328,0.013744032080085301
33.47188440771277,0.01375494390457004
33.472291816819435,0.013765855819284993
33.484658962123824,0.013776767810388649
33.5010989845291,0.013787679933538494
33.569478357516914,0.013798592571970324
33.57159930903423,0.013809505452247166
33.580934207024804,0.01382041849233739
33.641777956311365,0.013831331613634158
33.65612441950436,0.013842244974706949
33.66996296691168,0.013853160421059984
33.7763862519916,0.013864075973773081
33.80691100340448,0.013874991605727579
33.83905640321736,0.013885907421696979
33.84691622877908,0.013896823536059812
33.86775590627006,0.013907739861937643
33.887650636280505,0.01391865630895367
33.90878896268301,0.013929572888173123
33.93760735218283,0.01394048974009228
33.97326121059106,0.013951406872656254
33.99237083833388,0.01396232422591894
33.99424228582936,0.013973241677759193
34.03224407754589,0.0139841592168047
34.05405958230877,0.013995077044711448
34.0877110634228,0.014005995266689842
34.16697176742753,0.01401691366516409
34.17421373984843,0.014027832177562937
34.21607912185392,0.014038750760635087
34.23790924571016,0.014049669623715389
34.31158190794609,0.014060588572351398
34.4160855423367,0.01407150758072586
34.49504290242166,0.014082426926088501
34.503334733196155,0.014093346437879834
34.519886932460274,0.014104266355072729
34.52606522355996,0.014115186624779476
34.53705122458074,0.014126107235600453
34.54900080104943,0.014137028201182634
34.562963882884894,0.014147949259760028
34.6176475126932,0.014158870622818273
34.62530887495786,0.014169792065999966
34.62679919371028,0.014180713730011047
34.661654162335275,0.014191635499745288
34.66416838081773,0.014202557588969643
34.68131577710342,0.014213479999799541
34.716071577429794,0.014224402469836665
34.71967760048776,0.014235325369794712
34.74951112889747,0.014246248541904455
34.75479656171403,0.01425717174862386
34.80034945590116,0.014268095179170517
34.82396843529296,0.01427901881933101
34.85120316399261,0.014289942815421078
34.90286453679796,0.014300867016546858
35.05336194262112,0.01431179189533731
35.05450375325691,0.014322716975296117
35.05978473625692,0.014333642770307572
35.06029516177781,0.01434456872771772
35.072017063721525,0.014355494791408178
35.10492032421959,0.014366421147355372
35.11099724592791,0.014377347637398634
35.13477137968818,0.014388274185518734
35.14186737964821,0.01439920110810258
35.172299118288485,0.014410128446574664
35.188201082858434,0.014421056000296875
35.23903824203136,0.014431983868999262
35.26579328212465,0.01444291185803725
35.27352069760834,0.014453839891975375
35.292550941247924,0.01446476810108182
35.31734346073804,0.014475696467311335
35.3478277958411,0.014486624913924434
35.36839111012626,0.014497553537764558
35.37423125326525,0.014508482279688652
35.383573756755304,0.014519411147370482
35.3877256346518,0.014530340306869123
35.46231502317124,0.014541269939936137
35.470929522658146,0.014552199716439581
35.47375426918974,0.014563129887742922
35.52102003501136,0.014574060145649709
35.618684497740404,0.014584990483456859
35.63236062790281,0.014595921181927436
35.65614933485683,0.014606851924035862
35.68308214642942,0.014617782726051768
35.69104366025172,0.014628713781600909
35.71966497276116,0.014639644961303055
35.726739215320386,0.01465057658537932
35.72756386754148,0.014661508505415545
35.737623742781096,0.014672440569072173
35.75999885123477,0.014683372762934927
35.76552102294849,0.01469430540330797
35.77763838702099,0.014705238130144817
35.79216294758354,0.014716171069502921
35.8199647349222,0.014727104198406844
35.83307233034424,0.014738037435321386
35.83468717732048,0.014748970980639138
35.83686887181501,0.014759905130398685
35.8467216160136,0.014770839437739621
35.86801451434916,0.01478177389718614
35.900866032273115,0.014792708472218424
35.90574780217063,0.014803643363301049
35.924956260236826,0.014814579306016304
35.93887662062787,0.014825515517909157
35.96280104408066,0.014836452041355449
35.99981453801051,0.014847388792464309
